Time [s],Channel 0,Channel 1,Channel 2,Channel 3
4.829719417,1,0,1,1
4.830291208,1,0,0,1
4.830317625,1,1,0,1
4.830333833,1,1,0,0
4.850918833,0,1,0,0
4.851548958,0,1,0,1
4.851603833,0,1,1,1
4.851629208,0,0,1,1
4.879719542,1,0,1,1
4.880406500,1,0,0,1
4.880434667,1,1,0,1
4.880454000,1,1,0,0
4.900918875,0,1,0,0
4.901512542,0,1,1,0
4.901535292,0,0,1,0
4.901562125,0,0,1,1
4.929720958,1,0,1,1
4.930467458,1,0,1,0
4.930515208,1,0,0,0
4.930540708,1,1,0,0
4.950918958,0,1,0,0
4.951521417,0,1,1,0
4.951541542,0,0,1,0
4.951575750,0,0,1,1
4.979719625,1,0,1,1
4.980381042,1,0,1,0
4.980424208,1,0,0,0
4.980447125,1,1,0,0
5.000919042,0,1,0,0
5.001489042,0,1,0,1
5.001531167,0,1,1,1
5.001547750,0,0,1,1
5.029719750,1,0,1,1
5.030353458,1,1,1,1
5.030394500,1,1,1,0
5.030433083,1,1,0,0
5.050919125,0,1,0,0
5.051554000,0,0,0,0
5.051602500,0,0,0,1
5.051639333,0,0,1,1
5.079719875,1,0,1,1
5.080407958,1,0,1,0
5.080441917,1,0,0,0
5.080459667,1,1,0,0
5.100919208,0,1,0,0
5.101516208,0,1,0,1
5.101548000,0,1,1,1
5.101560250,0,0,1,1
5.129720042,1,0,1,1
5.130321250,1,0,1,0
5.130350625,1,0,0,0
5.130365667,1,1,0,0
5.150919250,0,1,0,0
5.151559167,0,1,1,0
5.151566458,0,0,1,0
5.151629208,0,0,1,1
5.179720000,1,0,1,1
5.180359500,1,0,0,1
5.180371917,1,1,0,1
5.180434875,1,1,0,0
5.200919333,0,1,0,0
5.201465917,0,1,1,0
5.201473708,0,0,1,0
5.201542833,0,0,1,1
5.229720083,1,0,1,1
5.230348167,1,0,1,0
5.230368375,1,0,0,0
5.230378167,1,1,0,0
5.250919458,0,1,0,0
5.251556375,0,1,0,1
5.251574625,0,1,1,1
5.251578958,0,0,1,1
5.279720167,1,0,1,1
5.280284875,1,1,1,1
5.280361625,1,1,1,0
5.280377208,1,1,0,0
5.300919500,0,1,0,0
5.301569833,0,1,0,1
5.301583625,0,1,1,1
5.301585167,0,0,1,1
5.329720167,1,0,1,1
5.330386083,1,0,0,1
5.330391458,1,1,0,1
5.330475250,1,1,0,0
5.350919625,0,1,0,0
5.351493292,0,1,1,0
5.351583250,0,1,1,1
5.351591417,0,0,1,1
5.379720375,1,0,1,1
5.380388542,1,0,1,0
5.380394958,1,0,0,0
5.380397042,1,1,0,0
5.400919667,0,1,0,0
5.401496917,0,1,0,1
5.401497792,0,0,0,1
5.401501083,0,0,1,1
5.429720417,1,0,1,1
5.430302125,1,0,1,0
5.430303333,1,1,1,0
5.430303958,1,1,0,0
5.450919750,0,1,0,0
5.451603917,0,0,0,0
5.451609833,0,0,1,0
5.451609958,0,0,1,1
5.479720458,1,0,1,1
5.480309458,1,1,1,1
5.480312792,1,1,0,1
5.480315583,1,1,0,0
5.500919833,0,1,0,0
5.501510250,0,0,0,0
5.501519042,0,0,1,0
5.501523708,0,0,1,1
5.529720625,1,0,1,1
5.530415542,1,1,1,1
5.530421542,1,1,0,1
5.530428917,1,1,0,0
5.550919917,0,1,0,0
5.551616375,0,0,0,0
5.551627792,0,0,1,0
5.551637083,0,0,1,1
5.579720667,1,0,1,1
5.580321917,1,1,1,1
5.580330542,1,1,0,1
5.580342500,1,1,0,0
5.600919958,0,1,0,0
5.601522750,0,0,0,0
5.601536750,0,0,1,0
5.601550625,0,0,1,1
5.629720708,1,0,1,1
5.630428042,1,1,1,1
5.630439250,1,1,0,1
5.630455833,1,1,0,0
5.650920042,0,1,0,0
5.651529000,0,0,0,0
5.651545625,0,0,1,0
5.651564125,0,0,1,1
5.679720833,1,0,1,1
5.680369417,1,0,1,0
5.680434292,1,1,1,0
5.680448125,1,1,0,0
5.700920125,0,1,0,0
5.701535208,0,0,0,0
5.701554750,0,0,1,0
5.729720792,1,0,1,0
5.730340667,1,1,1,0
5.730357125,1,1,0,0
5.730384500,1,1,0,1
5.750920208,0,1,0,1
5.751564667,0,1,1,1
5.751589458,0,1,1,0
5.751641333,0,0,1,0
5.779720875,1,0,1,0
5.780366000,1,0,0,0
5.780397917,1,0,0,1
5.780446792,1,1,0,1
5.800920292,0,1,0,1
5.801473208,0,1,1,1
5.801547708,0,0,1,1
5.829721042,1,0,1,1
5.830353125,1,1,1,1
5.830374875,1,1,0,1
5.850921708,0,1,0,1
5.851616375,0,1,0,0
5.851653792,0,0,0,0
5.851681000,0,0,1,0
5.879721083,1,0,1,0
5.880359417,1,1,1,0
5.880383708,1,1,0,0
5.880424875,1,1,0,1
5.900920458,0,1,0,1
5.901489583,0,1,1,1
5.901560167,0,0,1,1
5.929722500,1,0,1,1
5.930393167,1,0,0,1
5.930436708,1,0,0,0
5.930465625,1,1,0,0
5.950920542,0,1,0,0
5.951566417,0,0,0,0
5.951598792,0,0,1,0
5.979721333,1,0,1,0
5.980301292,1,0,0,0
5.980371875,1,1,0,0
6.000920625,0,1,0,0
6.001607667,0,1,1,0
6.001658875,0,1,1,1
6.001672500,0,0,1,1
6.029721375,1,0,1,1
6.030378083,1,1,1,1
6.030410333,1,1,0,1
6.050920708,0,1,0,1
6.051479000,0,0,0,1
6.051516375,0,0,1,1
6.079721458,1,0,1,1
6.080384208,1,1,1,1
6.080419167,1,1,0,1
6.100920792,0,1,0,1
6.101484958,0,0,0,1
6.101525208,0,0,1,1
6.129721542,1,0,1,1
6.130327875,1,0,0,1
6.130390542,1,1,0,1
6.150921000,0,1,0,1
6.151591375,0,0,0,1
6.151634250,0,0,1,1
6.179721667,1,0,1,1
6.180396792,1,1,1,1
6.180436917,1,1,0,1
6.200920958,0,1,0,1
6.201497417,0,0,0,1
6.201543125,0,0,1,1
6.229721708,1,0,1,1
6.230302833,1,1,1,1
6.230345583,1,1,0,1
6.250921042,0,1,0,1
6.251551792,0,1,1,1
6.251603833,0,0,1,1
6.279721833,1,0,1,1
6.280309125,1,1,1,1
6.280354458,1,1,0,1
6.300921125,0,1,0,1
6.301610083,0,0,0,1
6.301660875,0,0,1,1
6.329722042,1,0,1,1
6.330415500,1,1,1,1
6.330463500,1,1,0,1
6.350921208,0,1,0,1
6.351569542,0,1,1,1
6.351616333,0,0,1,1
6.379722000,1,0,1,1
6.380372208,1,0,0,1
6.380421750,1,1,0,1
6.400921292,0,1,0,1
6.401522375,0,0,0,1
6.429722042,1,0,0,1
6.430382708,1,0,1,1
6.430427958,1,1,1,1
6.450921375,0,1,1,1
6.451528625,0,0,1,1
6.451585625,0,0,0,1
6.479722125,1,0,0,1
6.480334125,1,1,0,1
6.500921458,0,1,0,1
6.501595917,0,1,1,1
6.501635000,0,0,1,1
6.529722208,1,0,1,1
6.530340292,1,1,1,1
6.550921542,0,1,1,1
6.551603333,0,1,0,1
6.551641250,0,0,0,1
6.579722333,1,0,0,1
6.580409375,1,0,1,1
6.580446750,1,1,1,1
6.600921625,0,1,1,1
6.601612208,0,1,0,1
6.601647500,0,0,0,1
6.629722375,1,0,0,1
6.630418208,1,0,1,1
6.630452917,1,1,1,1
6.650921708,0,1,1,1
6.651621083,0,1,0,1
6.651653750,0,0,0,1
6.679722542,1,0,0,1
6.680427042,1,0,1,1
6.680459167,1,1,1,1
6.700921792,0,1,1,1
6.701561375,0,0,1,1
6.701629917,0,0,0,1
6.729722500,1,0,0,1
6.730365292,1,1,0,1
6.730435917,1,1,1,1
6.750921875,0,1,1,1
6.751566042,0,0,1,1
6.779722667,1,0,1,1
6.780443083,1,0,0,1
6.780471667,1,1,0,1
6.800921958,0,1,0,1
6.801572250,0,0,0,1
6.829722667,1,0,0,1
6.830377417,1,1,0,1
6.850922125,0,1,0,1
6.851578542,0,0,0,1
6.851658167,0,0,1,1
6.879722750,1,0,1,1
6.880383958,1,1,1,1
6.880460833,1,1,0,1
6.900922083,0,1,0,1
6.901584750,0,0,0,1
6.929726667,1,0,0,1
6.950922167,0,0,0,1
6.951592625,0,1,0,1
6.951605083,0,1,0,0
6.979722917,1,1,0,0
7.000922250,0,1,0,0
7.001597208,0,0,0,0
7.001627333,0,0,0,1
7.029723000,1,0,0,1
7.030402625,1,1,0,1
7.030432625,1,1,0,0
7.050922333,0,1,0,0
7.051603458,0,0,0,0
7.051640792,0,0,0,1
7.079723083,1,0,0,1
7.080346208,1,0,0,0
7.100922417,0,0,0,0
7.101611333,0,1,0,0
7.101654250,0,1,0,1
7.129723167,1,1,0,1
7.130360292,1,1,0,0
7.130413500,1,0,0,0
7.150922500,0,0,0,0
7.151617583,0,1,0,0
7.151668250,0,1,0,1
7.179723250,1,1,0,1
7.180373958,1,1,0,0
7.180419750,1,0,0,0
7.200922583,0,0,0,0
7.201481125,0,0,0,1
7.229723333,1,0,0,1
7.230386583,1,0,0,0
7.230427625,1,1,0,0
7.250922667,0,1,0,0
7.251594708,0,1,0,1
7.279723375,1,1,0,1
7.280400042,1,1,0,0
7.280432250,1,0,0,0
7.300922750,0,0,0,0
7.301508042,0,0,0,1
7.329723458,1,0,0,1
7.330313333,1,0,0,0
7.350924125,0,0,0,0
7.351621667,0,0,0,1
7.351642542,0,1,0,1
7.379723583,1,1,0,1
7.380326792,1,1,0,0
7.400922917,0,1,0,0
7.401534958,0,1,0,1
7.429723625,1,1,0,1
7.430440417,1,1,0,0
7.430450958,1,0,0,0
7.450922958,0,0,0,0
7.451548417,0,0,0,1
7.479723667,1,0,0,1
7.480353708,1,0,0,0
7.500927625,0,0,0,0
7.501562542,0,0,0,1
7.529723792,1,0,0,1
7.530367167,1,0,0,0
7.550923125,0,0,0,0
7.551575375,0,0,0,1
7.579723792,1,0,0,1
7.580380625,1,0,0,0
7.600923208,0,0,0,0
7.601588792,0,0,0,1
7.629723917,1,0,0,1
7.630394083,1,0,0,0
7.650924583,0,0,0,0
7.651602208,0,0,0,1
7.651679958,0,1,0,1
7.679724000,1,1,0,1
7.680410625,1,1,0,0
7.700923375,0,1,0,0
7.701615667,0,1,0,1
7.729724083,1,1,0,1
7.730421000,1,1,0,0
7.750923458,0,1,0,0
7.751629208,0,1,0,1
7.779724167,1,1,0,1
7.780434458,1,1,0,0
7.800923542,0,1,0,0
7.801542750,0,1,0,1
7.829724250,1,1,0,1
7.830447917,1,1,0,0
7.850923625,0,1,0,0
7.851556208,0,1,0,1
7.879724292,1,1,0,1
7.880362500,1,1,0,0
7.900923667,0,1,0,0
7.901669375,0,1,0,1
7.929724333,1,1,0,1
7.930375000,1,1,0,0
7.950923750,0,1,0,0
7.951583125,0,1,0,1
7.979724500,1,1,0,1
7.980388417,1,1,0,0
8.000923833,0,1,0,0
8.001596417,0,1,0,1
8.029724583,1,1,0,1
8.030401917,1,1,0,0
8.050923917,0,1,0,0
8.051610042,0,1,0,1
8.079724625,1,1,0,1
8.080315167,1,1,0,0
8.100924000,0,1,0,0
8.101523375,0,1,0,1
8.129724708,1,1,0,1
8.130328625,1,1,0,0
8.130379708,1,1,1,0
8.150924083,0,1,1,0
8.151587083,0,1,0,0
8.151637542,0,1,0,1
8.179724833,1,1,0,1
8.180393250,1,1,1,1
8.180442292,1,1,1,0
8.200924167,0,1,1,0
8.201495792,0,1,0,0
8.201550333,0,1,0,1
8.229724875,1,1,0,1
8.230401958,1,1,1,1
8.230455750,1,1,1,0
8.250924250,0,1,1,0
8.251563708,0,1,1,1
8.251604833,0,1,0,1
8.279724958,1,1,0,1
8.280310625,1,1,1,1
8.280369000,1,1,1,0
8.300924333,0,1,1,0
8.301577792,0,1,1,1
8.301613708,0,1,0,1
8.329725042,1,1,0,1
8.330319500,1,1,1,1
8.330382500,1,1,1,0
8.350924417,0,1,1,0
8.351522375,0,1,0,0
8.379725167,1,1,0,0
8.380397542,1,1,0,1
8.380428542,1,1,1,1
8.400924500,0,1,1,1
8.401602500,0,1,1,0
8.401631417,0,1,0,0
8.429725250,1,1,0,0
8.430338125,1,1,1,0
8.450924583,0,1,1,0
8.451540125,0,1,0,0
8.479725292,1,1,0,0
8.480424458,1,1,0,1
8.480446292,1,1,1,1
8.500924667,0,1,1,1
8.501550000,0,1,0,1
8.501629417,0,1,0,0
8.529725375,1,1,0,0
8.530354958,1,1,1,0
8.550924750,0,1,1,0
8.551557833,0,1,0,0
8.579725500,1,1,0,0
8.580363875,1,1,1,0
8.600924833,0,1,1,0
8.601566708,0,1,0,0
8.629725625,1,1,0,0
8.630372875,1,1,1,0
8.650924917,0,1,1,0
8.651575583,0,1,0,0
8.679725625,1,1,0,0
8.680381583,1,1,1,0
8.700924958,0,1,1,0
8.701584417,0,1,0,0
8.729725708,1,1,0,0
8.730390375,1,1,1,0
8.750925042,0,1,1,0
8.751493417,0,1,0,0
8.779725792,1,1,0,0
8.780399375,1,1,1,0
8.800926458,0,1,1,0
8.801602167,0,1,0,0
8.829725750,1,1,0,0
8.830408000,1,1,1,0
8.850925208,0,1,1,0
8.851611042,0,1,0,0
8.879725917,1,1,0,0
8.880417250,1,1,1,0
8.900925292,0,1,1,0
8.901619875,0,1,0,0
8.929726000,1,1,0,0
8.930425875,1,1,1,0
8.950925375,0,1,1,0
8.951628750,0,1,0,0
8.979726125,1,1,0,0
8.980434750,1,1,1,0
9.000925458,0,1,1,0
9.001537750,0,1,0,0
9.029726208,1,1,0,0
9.030343708,1,1,1,0
9.050925542,0,1,1,0
9.051547500,0,1,0,0
9.079726292,1,1,0,0
9.080352833,1,1,1,0
9.100925625,0,1,1,0
9.101555500,0,1,0,0
9.129726375,1,1,0,0
9.130361500,1,1,1,0
9.150925708,0,1,1,0
9.151564333,0,1,0,0
9.179726458,1,1,0,0
9.180370375,1,1,1,0
9.200925792,0,1,1,0
9.201562500,0,0,1,0
9.201573208,0,0,0,0
9.229728125,1,0,0,0
9.230380208,1,0,1,0
9.250925875,0,0,1,0
9.251679583,0,1,1,0
9.251681958,0,1,0,0
9.279726625,1,1,0,0
9.280381875,1,0,0,0
9.280388042,1,0,1,0
9.300925542,0,0,1,0
9.301585958,0,1,1,0
9.301590958,0,1,0,0
9.329726708,1,1,0,0
9.330388125,1,0,0,0
9.330397125,1,0,1,0
9.350926083,0,0,1,0
9.351492000,0,1,1,0
9.351500500,0,1,0,0
9.379726792,1,1,0,0
9.380394375,1,0,0,0
9.380405833,1,0,1,0
9.400926167,0,0,1,0
9.401498250,0,1,1,0
9.401508500,0,1,0,0
9.429730708,1,1,0,0
9.430300417,1,0,0,0
9.430314458,1,0,1,0
9.450926250,0,0,1,0
9.451504500,0,1,1,0
9.451517375,0,1,0,0
9.451580208,0,1,0,1
9.479726958,1,1,0,1
9.480306667,1,0,0,1
9.480323333,1,0,1,1
9.500926333,0,0,1,1
9.501598708,0,0,1,0
9.501610667,0,1,1,0
9.501626417,0,1,0,0
9.529727042,1,1,0,0
9.530307000,1,1,0,1
9.530312917,1,0,0,1
9.530332208,1,0,1,1
9.550926458,0,0,1,1
9.551612167,0,0,1,0
9.551617250,0,1,1,0
9.551635250,0,1,0,0
9.579727125,1,1,0,0
9.580419333,1,0,0,0
9.580420750,1,0,0,1
9.580441250,1,0,1,1
9.600926500,0,0,1,1
9.601523208,0,1,1,1
9.601525458,0,1,1,0
9.601543958,0,1,0,0
9.629727167,1,1,0,0
9.630425542,1,0,0,0
9.630434083,1,0,0,1
9.630450083,1,0,1,1
9.650926583,0,0,1,1
9.651529417,0,1,1,1
9.651538917,0,1,1,0
9.651552833,0,1,0,0
9.679727333,1,1,0,0
9.680331625,1,0,0,0
9.680347542,1,0,0,1
9.680358833,1,0,1,1
9.700926667,0,0,1,1
9.701552917,0,0,1,0
9.701561708,0,0,0,0
9.701635833,0,1,0,0
9.729727375,1,1,0,0
9.730360917,1,1,0,1
9.730367625,1,1,1,1
9.730438042,1,0,1,1
9.750926750,0,0,1,1
9.751542167,0,1,1,1
9.751566375,0,1,1,0
9.751570542,0,1,0,0
9.779727500,1,1,0,0
9.780374292,1,1,0,1
9.780376417,1,1,1,1
9.780444292,1,0,1,1
9.800926833,0,0,1,1
9.801479542,0,0,0,1
9.801480167,0,0,0,0
9.801548167,0,1,0,0
9.829728875,1,1,0,0
9.830450500,1,0,0,0
9.830485583,1,0,1,0
9.830487625,1,0,1,1
9.850926917,0,0,1,1
9.851588292,0,0,0,1
9.851592750,0,0,0,0
9.851654542,0,1,0,0
9.879727625,1,1,0,0
9.880294667,1,1,1,0
9.880301375,1,1,1,1
9.880356583,1,0,1,1
9.900927000,0,0,1,1
9.901561875,0,1,1,1
9.901597167,0,1,0,1
9.901606208,0,1,0,0
9.929727708,1,1,0,0
9.930303167,1,1,1,0
9.930314667,1,1,1,1
9.930362833,1,0,1,1
9.950928417,0,0,1,1
9.951606000,0,0,0,1
9.951619667,0,0,0,0
9.951667042,0,1,0,0
9.979727833,1,1,0,0
9.980312333,1,1,1,0
9.980328292,1,1,1,1
9.980369083,1,0,1,1
10.000927167,0,0,1,1
10.001473375,0,1,1,1
10.001515000,0,1,0,1
10.001533292,0,1,0,0
10.029727917,1,1,0,0
10.030321667,1,1,1,0
10.030341750,1,1,1,1
10.030375333,1,0,1,1
10.050927250,0,0,1,1
10.051579375,0,1,1,1
10.051623750,0,1,0,1
10.051646583,0,1,0,0
10.079728000,1,1,0,0
10.080329875,1,1,1,0
10.080355208,1,1,1,1
10.080381542,1,0,1,1
10.100927333,0,0,1,1
10.101585875,0,1,1,1
10.101632625,0,1,0,1
10.101660083,0,1,0,0
10.129728083,1,1,0,0
10.130338750,1,1,1,0
10.130368708,1,1,1,1
10.130387792,1,0,1,1
10.150928750,0,0,1,1
10.151641458,0,0,0,1
10.151673500,0,0,0,0
10.151692042,0,1,0,0
10.179728208,1,1,0,0
10.180382708,1,1,0,1
10.180394042,1,0,0,1
10.180447417,1,0,1,1
10.200927500,0,0,1,1
10.201486917,0,0,1,0
10.201498208,0,1,1,0
10.201550458,0,1,0,0
10.229728292,1,1,0,0
10.230356500,1,1,1,0
10.230395583,1,1,1,1
10.230395708,1,1,1,0
10.230395792,1,1,1,1
10.230400250,1,0,1,1
10.250928917,0,0,1,1
10.251600542,0,0,1,0
10.251604333,0,1,1,0
10.251659208,0,1,0,0
10.279728333,1,1,0,0
10.280366208,1,1,1,0
10.280406500,1,0,1,0
10.280409042,1,0,1,1
10.300927667,0,0,1,1
10.301510667,0,1,1,1
10.301514417,0,1,1,0
10.301568208,0,1,0,0
10.329728417,1,1,0,0
10.330375500,1,1,1,0
10.330412750,1,0,1,0
10.330422500,1,0,1,1
10.350927792,0,0,1,1
10.351516708,0,1,1,1
10.351527292,0,1,1,0
10.351577958,0,1,0,0
10.379728500,1,1,0,0
10.380419000,1,0,0,0
10.380436000,1,0,0,1
10.380482875,1,0,1,1
10.400927875,0,0,1,1
10.401523375,0,1,1,1
10.401540792,0,1,1,0
10.401585917,0,1,0,0
10.429728625,1,1,0,0
10.430391958,1,1,1,0
10.430425208,1,0,1,0
10.430449417,1,0,1,1
10.450927958,0,0,1,1
10.451554458,0,0,1,0
10.451594792,0,0,0,0
10.451629417,0,1,0,0
10.479728667,1,1,0,0
10.480331583,1,0,0,0
10.480362708,1,0,0,1
10.500928042,0,0,0,1
10.501605250,0,0,1,1
10.501635500,0,1,1,1
10.501667875,0,1,1,0
10.529728750,1,1,1,0
10.530337833,1,0,1,0
10.530376125,1,0,1,1
10.550928125,0,0,1,1
10.551581125,0,0,1,0
10.551612542,0,0,0,0
10.551641750,0,1,0,0
10.579728833,1,1,0,0
10.580389583,1,1,0,1
10.580418417,1,1,1,1
10.580443958,1,0,1,1
10.600928208,0,0,1,1
10.601494750,0,0,1,0
10.601548125,0,1,1,0
10.629728958,1,1,1,0
10.630303208,1,1,1,1
10.630350292,1,0,1,1
10.650928292,0,0,1,1
10.651608083,0,0,1,0
10.651630250,0,0,0,0
10.651654208,0,1,0,0
10.679729042,1,1,0,0
10.680319167,1,1,0,1
10.680356542,1,0,0,1
10.700928375,0,0,0,1
10.701522208,0,0,0,0
10.701560417,0,1,0,0
10.729729083,1,1,0,0
10.730430042,1,1,0,1
10.730445083,1,1,1,1
10.730462625,1,0,1,1
10.750928458,0,0,1,1
10.751635000,0,0,1,0
10.751648000,0,0,0,0
10.751666792,0,1,0,0
10.779729208,1,1,0,0
10.780371125,1,0,0,0
10.780443458,1,0,0,1
10.780453958,1,0,1,1
10.800928542,0,0,1,1
10.801548583,0,0,1,0
10.801573125,0,1,1,0
10.829733083,1,1,1,0
10.830357125,1,1,1,1
10.830375250,1,0,1,1
10.850928625,0,0,1,1
10.851562042,0,0,1,0
10.851579333,0,1,1,0
10.879729333,1,1,1,0
10.880370542,1,1,1,1
10.880381500,1,0,1,1
10.900928708,0,0,1,1
10.901575500,0,0,1,0
10.901585542,0,1,1,0
10.929729417,1,1,1,0
10.930384000,1,1,1,1
10.930387750,1,0,1,1
10.950928792,0,0,1,1
10.951588958,0,0,1,0
10.951591792,0,1,1,0
10.979729417,1,1,1,0
10.980394000,1,0,1,0
10.980397292,1,0,1,1
11.000928875,0,0,1,1
11.001598042,0,1,1,1
11.029729625,1,1,1,1
11.030400208,1,0,1,1
11.030409333,1,0,1,0
11.050928958,0,0,1,0
11.051604458,0,1,1,0
11.051617500,0,1,1,1
11.079729708,1,1,1,1
11.080406458,1,0,1,1
11.080422792,1,0,1,0
11.100929042,0,0,1,0
11.101610500,0,1,1,0
11.101631500,0,1,1,1
11.129729750,1,1,1,1
11.130412708,1,0,1,1
11.130436250,1,0,1,0
11.150930458,0,0,1,0
11.151616708,0,1,1,0
11.151644375,0,1,1,1
11.179729875,1,1,1,1
11.180418958,1,0,1,1
11.180449708,1,0,1,0
11.200929208,0,0,1,0
11.201622958,0,1,1,0
11.201657833,0,1,1,1
11.229729958,1,1,1,1
11.250930625,0,1,1,1
11.251627583,0,0,1,1
11.251669708,0,0,1,0
11.279730042,1,0,1,0
11.300929375,0,0,1,0
11.301635417,0,1,1,0
11.329730125,1,1,1,0
11.350933292,0,1,1,0
11.379731500,1,1,1,0
11.380443917,1,0,1,0
11.400929583,0,0,1,0
11.401647917,0,1,1,0
11.429734875,1,1,1,0
11.430450125,1,0,1,0
11.450929667,0,0,1,0
11.451654167,0,1,1,0
11.479730417,1,1,1,0
11.480456375,1,0,1,0
11.500929750,0,0,1,0
11.529730417,1,0,1,0
11.550929833,0,0,1,0
11.579731875,1,0,1,0
11.580470500,1,1,1,0
11.600929917,0,1,1,0
11.601671250,0,0,1,0
11.629730667,1,0,1,0
11.650931292,0,0,1,0
11.651679417,0,1,1,0
11.679730750,1,1,1,0
11.700930083,0,1,1,0
11.729730833,1,1,1,0
11.730487542,1,0,1,0
11.750930167,0,0,1,0
11.779730917,1,0,1,0
11.800930250,0,0,1,0
11.829731000,1,0,1,0
11.850930333,0,0,1,0
11.879731042,1,0,1,0
11.900931708,0,0,1,0
11.929731125,1,0,1,0
11.950930500,0,0,1,0
11.979731208,1,0,1,0
12.000930583,0,0,1,0
12.029731333,1,0,1,0
12.050931958,0,0,1,0
12.079731417,1,0,1,0
12.080378042,1,0,0,0
12.100930750,0,0,0,0
12.101588833,0,0,1,0
12.129731500,1,0,1,0
12.130391417,1,0,0,0
12.150930833,0,0,0,0
12.151597667,0,0,1,0
12.179731542,1,0,1,0
12.180400250,1,0,0,0
12.200930875,0,0,0,0
12.201606667,0,0,1,0
12.229732208,1,0,1,0
12.230310125,1,0,0,0
12.250930958,0,0,0,0
12.251615417,0,0,1,0
12.251633125,0,0,1,1
12.279731750,1,0,1,1
12.280418000,1,0,0,1
12.300931042,0,0,0,1
12.301624250,0,0,1,1
12.301652167,0,0,1,0
12.329731792,1,0,1,0
12.330327000,1,0,0,0
12.330361333,1,0,0,1
12.350931125,0,0,0,1
12.351633125,0,0,1,1
12.351665625,0,0,1,0
12.379731875,1,0,1,0
12.380336750,1,0,0,0
12.380374167,1,0,0,1
12.400931208,0,0,0,1
12.401479042,0,0,0,0
12.401542083,0,0,1,0
12.429732000,1,0,1,0
12.430387667,1,0,1,1
12.430444583,1,0,0,1
12.450931292,0,0,0,1
12.451592667,0,0,0,0
12.451650833,0,0,1,0
12.479732042,1,0,1,0
12.480401125,1,0,1,1
12.480401167,1,0,1,0
12.480401375,1,0,1,1
12.480453458,1,0,0,1
12.500931375,0,0,0,1
12.501560083,0,0,1,1
12.501606125,0,0,1,0
12.529732125,1,0,1,0
12.530414583,1,0,1,1
12.530462292,1,0,0,1
12.550931458,0,0,0,1
12.551568458,0,0,1,1
12.551568500,0,0,0,1
12.551568917,0,0,1,1
12.551619583,0,0,1,0
12.579732208,1,0,1,0
12.580428083,1,0,1,1
12.580471167,1,0,0,1
12.600931542,0,0,0,1
12.601577625,0,0,1,1
12.601633042,0,0,1,0
12.629732292,1,0,1,0
12.630341333,1,0,1,1
12.630380167,1,0,0,1
12.650932958,0,0,0,1
12.651646500,0,0,0,0
12.651687458,0,0,1,0
12.679732333,1,0,1,0
12.680389917,1,0,0,0
12.680455000,1,0,0,1
12.700931708,0,0,0,1
12.701562917,0,0,0,0
12.701595292,0,0,1,0
12.729732417,1,0,1,0
12.730397875,1,0,0,0
12.730468500,1,0,0,1
12.750931792,0,0,0,1
12.751573208,0,0,0,0
12.751603917,0,0,1,0
12.779732542,1,0,1,0
12.780381708,1,0,1,1
12.780407625,1,0,0,1
12.800931875,0,0,0,1
12.801487042,0,0,0,0
12.801513500,0,0,1,0
12.829732625,1,0,1,0
12.830395208,1,0,1,1
12.830415625,1,0,0,1
12.850931958,0,0,0,1
12.851600125,0,0,0,0
12.851621875,0,0,1,0
12.879732750,1,0,1,0
12.880308750,1,0,1,1
12.880324292,1,0,0,1
12.900932042,0,0,0,1
12.901613625,0,0,0,0
12.901630750,0,0,1,0
12.929732792,1,0,1,0
12.930422083,1,0,1,1
12.930433333,1,0,0,1
12.950932125,0,0,0,1
12.951627083,0,0,0,0
12.951639583,0,0,1,0
12.979732875,1,0,1,0
12.980435667,1,0,1,1
12.980442208,1,0,0,1
13.000932208,0,0,0,1
13.001540667,0,0,0,0
13.001548083,0,0,1,0
13.029732958,1,0,1,0
13.030448875,1,0,1,1
13.030451083,1,0,0,1
13.050932292,0,0,0,1
13.051557417,0,0,1,1
13.051654000,0,0,1,0
13.079733042,1,0,1,0
13.080360292,1,0,0,0
13.080362625,1,0,0,1
13.100932375,0,0,0,1
13.101566042,0,0,1,1
13.101568125,0,0,1,0
13.129733125,1,0,1,0
13.130368708,1,0,0,0
13.130376000,1,0,0,1
13.150932458,0,0,0,1
13.151574833,0,0,1,1
13.151584125,0,0,1,0
13.179733208,1,0,1,0
13.180377500,1,0,0,0
13.180389542,1,0,0,1
13.200932542,0,0,0,1
13.201484125,0,0,1,1
13.201494333,0,0,1,0
13.229733333,1,0,1,0
13.230386333,1,0,0,0
13.230403208,1,0,0,1
13.250932625,0,0,0,1
13.251592042,0,0,1,1
13.251592083,0,0,0,1
13.251592333,0,0,1,1
13.251607958,0,0,1,0
13.279733375,1,0,1,0
13.280396083,1,0,0,0
13.280416500,1,0,0,1
13.300932708,0,0,0,1
13.301601458,0,0,1,1
13.301621417,0,0,1,0
13.329733458,1,0,1,0
13.330329708,1,0,1,1
13.330404083,1,0,0,1
13.350932792,0,0,0,1
13.351481542,0,1,0,1
13.351510458,0,1,1,1
13.351534708,0,1,1,0
13.379733500,1,1,1,0
13.380412917,1,1,0,0
13.380443375,1,1,0,1
13.400932875,0,1,0,1
13.401595625,0,0,0,1
13.401619208,0,0,1,1
13.401648542,0,0,1,0
13.429733125,1,0,1,0
13.430321917,1,0,0,0
13.430357208,1,0,0,1
13.430401333,1,1,0,1
13.450932958,0,1,0,1
13.451562917,0,1,0,0
13.451601875,0,0,0,0
13.451628042,0,0,1,0
13.479733625,1,0,1,0
13.480307500,1,1,1,0
13.480330792,1,1,0,0
13.480370125,1,1,0,1
13.500933042,0,1,0,1
13.501575083,0,1,0,0
13.501608125,0,0,0,0
13.501636958,0,0,1,0
13.529733792,1,0,1,0
13.530313708,1,1,1,0
13.530339667,1,1,0,0
13.530383583,1,1,0,1
13.550933083,0,1,0,1
13.551588542,0,1,0,0
13.551614375,0,0,0,0
13.551645708,0,0,1,0
13.551645750,0,0,0,0
13.551645958,0,0,1,0
13.579733833,1,0,1,0
13.580320208,1,1,1,0
13.580348542,1,1,0,0
13.580397042,1,1,0,1
13.600933167,0,1,0,1
13.601602000,0,1,0,0
13.601620583,0,0,0,0
13.601654708,0,0,1,0
13.629733917,1,0,1,0
13.630326208,1,1,1,0
13.630357375,1,1,0,0
13.650933250,0,1,0,0
13.651617042,0,1,0,1
13.651626833,0,0,0,1
13.651663542,0,0,1,1
13.679734042,1,0,1,1
13.680332458,1,1,1,1
13.680366250,1,1,0,1
13.700933333,0,1,0,1
13.701574333,0,1,1,1
13.701628917,0,1,1,0
13.701633083,0,0,1,0
13.729734083,1,0,1,0
13.730338708,1,1,1,0
13.730376000,1,1,0,0
13.750933417,0,1,0,0
13.751581375,0,1,1,0
13.751639333,0,0,1,0
13.751643958,0,0,1,1
13.779734167,1,0,1,1
13.780344958,1,1,1,1
13.780383958,1,1,0,1
13.800933500,0,1,0,1
13.801590208,0,1,1,1
13.801645542,0,0,1,1
13.801655833,0,0,1,0
13.829734250,1,0,1,0
13.830292875,1,0,0,0
13.830351417,1,1,0,0
13.850933625,0,1,0,0
13.851599125,0,1,1,0
13.851651792,0,0,1,0
13.879734333,1,0,1,0
13.880357292,1,1,1,0
13.880401708,1,1,0,0
13.900933667,0,1,0,0
13.901558167,0,0,0,0
13.901608000,0,0,1,0
13.929734458,1,0,1,0
13.930310417,1,0,0,0
13.930363625,1,1,0,0
13.950933750,0,1,0,0
13.951616833,0,1,1,0
13.951664292,0,0,1,0
13.979734500,1,0,1,0
13.980419417,1,0,0,0
13.980469750,1,1,0,0
14.000933833,0,1,0,0
14.001525542,0,1,1,0
14.001570667,0,0,1,0
14.029734625,1,0,1,0
14.030328125,1,0,0,0
14.030376125,1,1,0,0
14.050933958,0,1,0,0
14.051576875,0,0,0,0
14.051634792,0,0,1,0
14.079734750,1,0,1,0
14.080337000,1,0,0,0
14.080382375,1,1,0,0
14.100934000,0,1,0,0
14.101583125,0,0,0,0
14.101643167,0,0,1,0
14.101643208,0,0,0,0
14.101643292,0,0,1,0
14.129734792,1,0,1,0
14.130345833,1,0,0,0
14.130388583,1,1,0,0
14.150934125,0,1,0,0
14.151589375,0,0,0,0
14.151655708,0,0,1,0
14.179734833,1,0,1,0
14.180295917,1,1,1,0
14.180354708,1,1,0,0
14.200934167,0,1,0,0
14.201560958,0,1,1,0
14.201595583,0,0,1,0
14.229734917,1,0,1,0
14.230363583,1,0,0,0
14.230401042,1,1,0,0
14.250934250,0,1,0,0
14.251601833,0,0,0,0
14.251670000,0,0,1,0
14.279735042,1,0,1,0
14.280407292,1,1,1,0
14.280472583,1,1,0,0
14.300934333,0,1,0,0
14.301507917,0,0,0,0
14.329735125,1,0,0,0
14.330413500,1,1,0,0
14.330483208,1,1,1,0
14.350934417,0,1,1,0
14.351516542,0,0,1,0
14.351585833,0,0,0,0
14.379735167,1,0,0,0
14.380319667,1,1,0,0
14.380391875,1,1,1,0
14.400934500,0,1,1,0
14.401594708,0,1,0,0
14.401620542,0,0,0,0
14.429736542,1,0,0,0
14.430426042,1,1,0,0
14.430500917,1,1,1,0
14.450934583,0,1,1,0
14.451526625,0,0,1,0
14.451603583,0,0,0,0
14.479735333,1,0,0,0
14.480332125,1,1,0,0
14.480409625,1,1,1,0
14.500934667,0,1,1,0
14.501612458,0,1,0,0
14.501633042,0,0,0,0
14.529735417,1,0,0,0
14.530418458,1,0,1,0
14.530438500,1,1,1,0
14.550934750,0,1,1,0
14.551539125,0,0,1,0
14.579735458,1,0,1,0
14.580344583,1,1,1,0
14.600934833,0,1,1,0
14.601630167,0,1,0,0
14.601645500,0,0,0,0
14.629735583,1,0,0,0
14.630436417,1,0,1,0
14.630450958,1,1,1,0
14.650934875,0,1,1,0
14.651551583,0,0,1,0
14.679735667,1,0,1,0
14.680357083,1,1,1,0
14.700935000,0,1,1,0
14.701647875,0,1,0,0
14.701657958,0,0,0,0
14.729735708,1,0,0,0
14.730363333,1,1,0,0
14.750935042,0,1,0,0
14.751564208,0,0,0,0
14.751605958,0,0,0,1
14.751658583,0,0,1,1
14.779735792,1,0,1,1
14.780369708,1,1,1,1
14.780461042,1,1,0,1
14.800935125,0,1,0,1
14.801570583,0,0,0,1
14.801625083,0,0,0,0
14.829735875,1,0,0,0
14.830375917,1,1,0,0
14.830433625,1,1,0,1
14.850935208,0,1,0,1
14.851538917,0,1,0,0
14.851576542,0,0,0,0
14.879736042,1,0,0,0
14.880382000,1,1,0,0
14.880447083,1,1,0,1
14.900935292,0,1,0,1
14.901551833,0,1,0,0
14.901582750,0,0,0,0
14.929736042,1,0,0,0
14.930360375,1,0,0,1
14.930388250,1,1,0,1
14.950935375,0,1,0,1
14.951665458,0,1,0,0
14.951689167,0,0,0,0
14.979736083,1,0,0,0
14.980373833,1,0,0,1
14.980394458,1,1,0,1
15.000935458,0,1,0,1
15.001578750,0,1,0,0
15.001595250,0,0,0,0
15.029736125,1,0,0,0
15.030300833,1,1,0,0
15.030387292,1,1,0,1
15.050935500,0,1,0,1
15.051592625,0,1,0,0
15.051601500,0,0,0,0
15.079736292,1,0,0,0
15.080401250,1,0,0,1
15.080407083,1,1,0,1
15.100935625,0,1,0,1
15.101605667,0,1,0,0
15.101607708,0,0,0,0
15.129736333,1,0,0,0
15.130413125,1,1,0,0
15.130414125,1,1,0,1
15.150935667,0,1,0,1
15.151613958,0,0,0,1
15.151619125,0,0,0,0
15.179736417,1,0,0,0
15.180320542,1,1,0,0
15.180327750,1,1,0,1
15.200935875,0,1,0,1
15.201620208,0,0,0,1
15.201632583,0,0,0,0
15.229736500,1,0,0,0
15.230327875,1,1,0,0
15.230341792,1,1,0,1
15.250935833,0,1,0,1
15.251626458,0,0,0,1
15.251646042,0,0,0,0
15.279736625,1,0,0,0
15.280431875,1,1,0,0
15.280454542,1,1,0,1
15.300935917,0,1,0,1
15.301632667,0,0,0,1
15.301659500,0,0,0,0
15.329736667,1,0,0,0
15.330338292,1,1,0,0
15.330368125,1,1,0,1
15.350936000,0,1,0,1
15.351638917,0,0,0,1
15.351672958,0,0,0,0
15.379736750,1,0,0,0
15.380344542,1,1,0,0
15.380382167,1,1,0,1
15.400936083,0,1,0,1
15.401545292,0,0,0,1
15.401586542,0,0,0,0
15.429736833,1,0,0,0
15.430350750,1,1,0,0
15.430395125,1,1,0,1
15.450936167,0,1,0,1
15.451600125,0,1,0,0
15.451651375,0,0,0,0
15.479736917,1,0,0,0
15.480408500,1,0,0,1
15.480456875,1,1,0,1
15.500937542,0,1,0,1
15.501613458,0,1,0,0
15.501657625,0,0,0,0
15.529737000,1,0,0,0
15.530422000,1,0,0,1
15.530463083,1,1,0,1
15.550936333,0,1,0,1
15.551526750,0,1,0,0
15.551564000,0,0,0,0
15.579737042,1,0,0,0
15.580435458,1,0,0,1
15.580469375,1,1,0,1
15.600936417,0,1,0,1
15.601540208,0,1,0,0
15.601570250,0,0,0,0
15.629737125,1,0,0,0
15.630348583,1,0,0,1
15.630375958,1,1,0,1
15.650937792,0,1,0,1
15.651653833,0,1,0,0
15.651676333,0,0,0,0
15.679737250,1,0,0,0
15.680462917,1,0,0,1
15.680481792,1,1,0,1
15.700936583,0,1,0,1
15.701567208,0,1,0,0
15.701582708,0,0,0,0
15.729737292,1,0,0,0
15.730375625,1,0,0,1
15.730388167,1,1,0,1
15.750940208,0,1,0,1
15.751580583,0,1,0,0
15.751588958,0,0,0,0
15.779737333,1,0,0,0
15.780389125,1,0,0,1
15.780394458,1,1,0,1
15.800936750,0,1,0,1
15.801594042,0,1,0,0
15.801595208,0,0,0,0
15.829737500,1,0,0,0
15.830400667,1,1,0,0
15.830402333,1,1,0,1
15.850936833,0,1,0,1
15.851601458,0,0,0,1
15.851608042,0,0,0,0
15.879737583,1,0,0,0
15.880316542,1,0,0,1
15.880406875,1,1,0,1
15.900936917,0,1,0,1
15.901607667,0,0,0,1
15.901620958,0,0,0,0
15.929737708,1,0,0,0
15.930413083,1,1,0,0
15.930429708,1,1,0,1
15.950937000,0,1,0,1
15.951534542,0,1,0,0
15.979737708,1,1,0,0
15.980417750,1,0,0,0
15.980442958,1,0,0,1
16.000937083,0,0,0,1
16.001548000,0,0,0,0
16.029737792,1,0,0,0
16.030425583,1,1,0,0
16.030456375,1,1,0,1
16.050937167,0,1,0,1
16.051561458,0,1,0,0
16.079737917,1,1,0,0
16.080430208,1,0,0,0
16.080469875,1,0,0,1
16.100937250,0,0,0,1
16.101634250,0,1,0,1
16.101677875,0,1,0,0
16.129738000,1,1,0,0
16.130383500,1,1,0,1
16.150937375,0,1,0,1
16.151600208,0,1,1,1
16.151638875,0,0,1,1
16.151688250,0,0,1,0
16.179738083,1,0,1,0
16.200937417,0,0,1,0
16.201603625,0,0,1,1
16.201613875,0,0,0,1
16.201646542,0,1,0,1
16.229738125,1,1,0,1
16.230319667,1,1,1,1
16.250938833,0,1,1,1
16.251615292,0,1,1,0
16.251622750,0,1,0,0
16.251651333,0,0,0,0
16.279738292,1,0,0,0
16.280423833,1,0,0,1
16.280428958,1,0,1,1
16.280456833,1,1,1,1
16.300937625,0,1,1,1
16.301628792,0,1,1,0
16.301631625,0,1,0,0
16.301657583,0,0,0,0
16.329738375,1,0,0,0
16.330337417,1,0,1,0
16.350939000,0,0,1,0
16.351640458,0,0,0,0
16.351643833,0,0,0,1
16.351644000,0,0,0,0
16.351644042,0,0,0,1
16.351665500,0,1,0,1
16.379738417,1,1,0,1
16.380446417,1,1,1,1
16.380449125,1,1,1,0
16.380467667,1,0,1,0
16.400937750,0,0,1,0
16.401549167,0,0,0,0
16.429738500,1,0,0,0
16.430355333,1,0,1,0
16.450939167,0,0,1,0
16.451658208,0,0,0,0
16.451670708,0,0,0,1
16.451677958,0,1,0,1
16.479738583,1,1,0,1
16.480464167,1,1,1,1
16.500937917,0,1,1,1
16.501566875,0,1,0,1
16.529738583,1,1,0,1
16.530372875,1,1,1,1
16.550938000,0,1,1,1
16.551576625,0,1,0,1
16.579738708,1,1,0,1
16.580381708,1,1,1,1
16.600939417,0,1,1,1
16.601684792,0,1,0,1
16.601695042,0,0,0,1
16.629738833,1,0,0,1
16.630390625,1,0,1,1
16.650938167,0,0,1,1
16.651593458,0,0,0,1
16.679738917,1,0,0,1
16.680400333,1,0,1,1
16.700938250,0,0,1,1
16.701602333,0,0,0,1
16.729738958,1,0,0,1
16.730408583,1,0,1,1
16.750939667,0,0,1,1
16.751611208,0,0,0,1
16.779739083,1,0,0,1
16.780318208,1,0,1,1
16.800939750,0,0,1,1
16.801620042,0,0,0,1
16.829739125,1,0,0,1
16.830326208,1,0,1,1
16.850938500,0,0,1,1
16.851628917,0,0,0,1
16.879739250,1,0,0,1
16.880335125,1,0,1,1
16.900942417,0,0,1,1
16.901538792,0,0,0,1
16.929740667,1,0,0,1
16.930443500,1,0,1,1
16.950938667,0,0,1,1
16.951646667,0,0,0,1
16.979739417,1,0,0,1
16.980353833,1,0,1,1
17.000938750,0,0,1,1
17.001655500,0,0,0,1
17.029739458,1,0,0,1
17.030461458,1,0,1,1
17.050938833,0,0,1,1
17.051564667,0,0,0,1
17.079739583,1,0,0,1
17.080470375,1,0,1,1
17.100938917,0,0,1,1
17.101573375,0,0,0,1
17.129739708,1,0,0,1
17.130479000,1,0,1,1
17.150939042,0,0,1,1
17.151582250,0,0,0,1
17.179739792,1,0,0,1
17.180388208,1,0,1,1
17.180388375,1,0,0,1
17.180388458,1,0,1,1
17.200939083,0,0,1,1
17.201591083,0,0,0,1
17.229739833,1,0,0,1
17.230397083,1,0,1,1
17.250939167,0,0,1,1
17.251599958,0,0,0,1
17.279739875,1,0,0,1
17.280405958,1,0,1,1
17.300939250,0,0,1,1
17.301609708,0,0,0,1
17.329739958,1,0,0,1
17.330414917,1,0,1,1
17.350939333,0,0,1,1
17.351617667,0,0,0,1
17.379740125,1,0,0,1
17.380423667,1,0,1,1
17.400939417,0,0,1,1
17.401626542,0,0,0,1
17.429740208,1,0,0,1
17.430432542,1,0,1,1
17.430432667,1,0,0,1
17.430432750,1,0,1,1
17.450939583,0,0,1,1
17.451635417,0,0,0,1
17.479740417,1,0,0,1
17.480441375,1,0,1,1
17.500939792,0,0,1,1
17.501644292,0,0,0,1
17.529740667,1,0,0,1
17.530350083,1,0,1,1
17.550941333,0,0,1,1
17.551653125,0,0,0,1
17.551658417,0,0,0,0
17.579740833,1,0,0,0
17.580458958,1,0,1,0
17.600940208,0,0,1,0
17.601580250,0,0,1,1
17.601662000,0,0,0,1
17.629741042,1,0,0,1
17.630467958,1,0,1,1
17.630468167,1,0,0,1
17.630468208,1,0,1,1
17.630485375,1,0,1,0
17.650940458,0,0,1,0
17.651595500,0,0,1,1
17.651670875,0,0,0,1
17.679741250,1,0,0,1
17.680376708,1,0,1,1
17.680398958,1,0,1,0
17.700940625,0,0,1,0
17.701579542,0,0,0,0
17.701607167,0,0,0,1
17.729741500,1,0,0,1
17.730312250,1,0,0,0
17.730385542,1,0,1,0
17.750940833,0,0,1,0
17.751588750,0,0,0,0
17.751620583,0,0,0,1
17.779741667,1,0,0,1
17.780325708,1,0,0,0
17.780394458,1,0,1,0
17.800941000,0,0,1,0
17.801497417,0,0,0,0
17.801533917,0,0,0,1
17.829741792,1,0,0,1
17.830403250,1,0,1,1
17.830439333,1,0,1,0
17.850941167,0,0,1,0
17.851606125,0,0,0,0
17.851647542,0,0,0,1
17.879741958,1,0,0,1
17.880412125,1,0,1,1
17.880452792,1,0,1,0
17.900941333,0,0,1,0
17.901615000,0,0,0,0
17.901661000,0,0,0,1
17.929742125,1,0,0,1
17.930421000,1,0,1,1
17.930466292,1,0,1,0
17.950941500,0,0,1,0
17.951575167,0,0,1,1
17.951623875,0,0,0,1
17.979742333,1,0,0,1
17.980329958,1,0,1,1
17.980379542,1,0,1,0
18.000941667,0,0,1,0
18.001532875,0,0,0,0
18.001587750,0,0,0,1
18.029742417,1,0,0,1
18.030438708,1,0,1,1
18.030493208,1,0,1,0
18.050941833,0,0,1,0
18.051601167,0,0,1,1
18.051641583,0,0,0,1
18.079742583,1,0,0,1
18.080406458,1,0,0,0
18.080447583,1,0,1,0
18.100942000,0,0,1,0
18.101614625,0,0,1,1
18.101651333,0,0,0,1
18.129742792,1,0,0,1
18.130320583,1,0,0,0
18.130356625,1,0,1,0
18.150942167,0,0,1,0
18.151628583,0,0,1,1
18.151659292,0,0,1,1
